product_id,category,date,current_price,competitor_price,demand,is_holiday,is_weekend,day_of_week,month
PROD_0001,Beauty,2023-02-27,22.26,20.25,104,0,0,0,2
PROD_0002,Beauty,2023-10-07,52.6,50.96,86,0,1,5,10
PROD_0003,Electronics,2023-10-15,107.43,113.87,210,0,1,6,10
PROD_0004,Electronics,2023-03-23,352.09,329.59,35,0,0,3,3
PROD_0005,Home & Garden,2023-02-22,55.45,46.5,148,0,0,2,2
PROD_0006,Electronics,2023-08-24,272.75,324.37,210,0,0,3,8
PROD_0007,Beauty,2023-11-13,443.87,419.3,132,1,0,0,11
PROD_0008,Home & Garden,2023-02-10,429.11,492.01,163,0,0,4,2
PROD_0009,Home & Garden,2023-03-25,191.39,169.15,55,0,1,5,3
PROD_0010,Books,2023-11-22,93.86,102.46,120,1,0,2,11
PROD_0011,Beauty,2023-12-19,282.91,303.8,367,1,0,1,12
PROD_0012,Electronics,2023-06-11,206.57,170.73,218,0,1,6,6
PROD_0013,Clothing,2023-12-02,254.62,293.8,325,1,1,5,12
PROD_0014,Books,2023-05-15,376.04,365.27,101,0,0,0,5
PROD_0015,Clothing,2023-09-18,251.82,277.59,217,0,0,0,9
PROD_0016,Clothing,2023-12-15,216.86,179.0,52,1,0,4,12
PROD_0017,Books,2023-01-06,343.34,290.4,77,0,0,4,1
PROD_0018,Beauty,2023-06-24,64.66,62.97,203,0,1,5,6
PROD_0019,Home & Garden,2023-09-14,383.36,384.54,60,0,0,3,9
PROD_0020,Beauty,2023-09-17,308.4,265.57,187,0,1,6,9
PROD_0021,Books,2023-01-01,303.48,302.1,72,0,1,6,1
PROD_0022,Home & Garden,2023-05-03,38.38,44.19,176,0,0,2,5
PROD_0023,Sports,2023-02-05,489.21,495.61,108,0,1,6,2
PROD_0024,Clothing,2023-05-16,268.56,280.01,237,0,0,1,5
PROD_0025,Beauty,2023-12-20,108.56,100.39,356,1,0,2,12
PROD_0026,Books,2023-08-20,69.29,61.66,84,0,1,6,8
PROD_0027,Clothing,2023-01-04,44.79,47.14,97,0,0,2,1
PROD_0028,Home & Garden,2023-02-06,261.94,238.73,83,0,0,0,2
PROD_0029,Beauty,2023-10-20,292.34,262.29,113,0,0,4,10
PROD_0030,Electronics,2023-02-19,332.9,313.5,102,0,1,6,2
PROD_0031,Beauty,2023-11-27,58.22,55.96,169,1,0,0,11
PROD_0032,Clothing,2023-10-02,229.82,222.64,94,0,0,0,10
PROD_0033,Electronics,2023-08-15,405.93,463.73,180,0,0,1,8
PROD_0034,Books,2023-01-08,484.81,567.49,238,0,1,6,1
PROD_0035,Clothing,2023-07-25,452.2,391.54,0,0,0,1,7
PROD_0036,Sports,2023-05-27,217.27,257.02,331,0,1,5,5
PROD_0037,Clothing,2023-04-08,155.39,184.52,255,0,1,5,4
PROD_0038,Electronics,2023-01-26,296.25,296.58,213,0,0,3,1
PROD_0039,Books,2023-02-11,427.16,353.43,0,0,1,5,2
PROD_0040,Books,2023-05-07,293.67,239.6,0,0,1,6,5
PROD_0041,Home & Garden,2023-05-14,110.09,119.61,112,0,1,6,5
PROD_0042,Home & Garden,2023-08-23,164.93,181.54,72,0,0,2,8
PROD_0043,Books,2023-02-21,45.9,40.63,63,0,0,1,2
PROD_0044,Electronics,2023-05-06,191.07,164.91,206,0,1,5,5
PROD_0045,Beauty,2023-09-28,13.83,15.59,126,0,0,3,9
PROD_0046,Clothing,2023-05-16,66.56,56.1,135,0,0,1,5
PROD_0047,Books,2023-04-18,361.63,318.75,85,0,0,1,4
PROD_0048,Sports,2023-05-09,453.61,516.41,135,0,0,1,5
PROD_0049,Home & Garden,2023-01-23,11.74,13.01,132,0,0,0,1
PROD_0050,Beauty,2023-08-15,280.32,272.21,60,0,0,1,8
PROD_0051,Beauty,2023-03-18,277.34,314.46,242,0,1,5,3
PROD_0052,Home & Garden,2023-07-06,450.5,503.86,249,0,0,3,7
PROD_0053,Clothing,2023-12-16,132.27,111.25,262,1,1,5,12
PROD_0054,Clothing,2023-05-02,433.66,516.26,354,0,0,1,5
PROD_0055,Electronics,2023-04-02,370.92,346.02,240,0,1,6,4
PROD_0056,Clothing,2023-05-17,88.01,95.09,122,0,0,2,5
PROD_0057,Sports,2023-04-24,107.79,125.83,133,0,0,0,4
PROD_0058,Clothing,2023-04-25,21.6,18.94,103,0,0,1,4
PROD_0059,Home & Garden,2023-06-29,324.33,311.31,162,0,0,3,6
PROD_0060,Electronics,2023-03-01,439.75,397.75,64,0,0,2,3
PROD_0061,Electronics,2023-02-25,302.32,283.66,245,0,1,5,2
PROD_0062,Electronics,2023-07-17,450.76,394.88,0,0,0,0,7
PROD_0063,Books,2023-10-03,346.56,407.59,167,0,0,1,10
PROD_0064,Sports,2023-02-05,474.95,554.89,299,0,1,6,2
PROD_0065,Home & Garden,2023-09-17,161.55,155.63,107,0,1,6,9
PROD_0066,Sports,2023-12-07,470.78,504.17,321,1,0,3,12
PROD_0067,Books,2023-01-01,158.9,140.48,135,0,1,6,1
PROD_0068,Sports,2023-08-15,341.06,342.58,172,0,0,1,8
PROD_0069,Beauty,2023-03-28,332.84,304.05,140,0,0,1,3
PROD_0070,Electronics,2023-05-01,339.67,302.26,71,0,0,0,5
PROD_0071,Clothing,2023-09-01,309.52,342.77,197,0,0,4,9
PROD_0072,Books,2023-04-10,361.99,345.19,78,0,0,0,4
PROD_0073,Beauty,2023-01-03,447.4,511.91,377,0,0,1,1
PROD_0074,Clothing,2023-04-01,404.01,435.67,245,0,1,5,4
PROD_0075,Electronics,2023-08-22,75.34,74.27,153,0,0,1,8
PROD_0076,Home & Garden,2023-08-15,310.2,337.41,155,0,0,1,8
PROD_0077,Books,2023-08-17,449.63,493.45,128,0,0,3,8
PROD_0078,Clothing,2023-11-23,145.88,162.09,219,1,0,3,11
PROD_0079,Beauty,2023-05-27,124.9,116.7,266,0,1,5,5
PROD_0080,Sports,2023-12-22,84.87,75.16,151,1,0,4,12
PROD_0081,Electronics,2023-04-16,418.12,399.63,172,0,1,6,4
PROD_0082,Books,2023-07-14,243.72,286.88,113,0,0,4,7
PROD_0083,Sports,2023-10-03,376.28,383.23,146,0,0,1,10
PROD_0084,Clothing,2023-05-20,223.56,181.44,48,0,1,5,5
PROD_0085,Clothing,2023-08-28,460.58,549.14,324,0,0,0,8
PROD_0086,Books,2023-10-16,334.87,279.14,11,0,0,0,10
PROD_0087,Clothing,2023-01-26,137.48,127.98,119,0,0,3,1
PROD_0088,Sports,2023-05-23,378.48,428.74,119,0,0,1,5
PROD_0089,Electronics,2023-10-04,35.52,41.94,105,0,0,2,10
PROD_0090,Beauty,2023-01-21,379.57,447.84,172,0,1,5,1
PROD_0091,Clothing,2023-08-31,338.03,346.68,105,0,0,3,8
PROD_0092,Home & Garden,2023-03-27,306.89,363.81,227,0,0,0,3
PROD_0093,Clothing,2023-06-09,62.97,51.02,86,0,0,4,6
PROD_0094,Sports,2023-07-23,471.32,414.45,46,0,1,6,7
PROD_0095,Beauty,2023-06-04,426.64,443.78,177,0,1,6,6
PROD_0096,Home & Garden,2023-09-30,219.91,208.52,139,0,1,5,9
PROD_0097,Sports,2023-02-24,222.43,210.17,169,0,0,4,2
PROD_0098,Clothing,2023-08-11,96.31,97.14,163,0,0,4,8
PROD_0099,Books,2023-09-05,237.79,268.77,135,0,0,1,9
PROD_0100,Clothing,2023-02-14,146.67,143.79,174,0,0,1,2
PROD_0101,Beauty,2023-07-14,174.83,174.44,127,0,0,4,7
PROD_0102,Home & Garden,2023-05-13,176.77,203.66,178,0,1,5,5
PROD_0103,Clothing,2023-02-13,128.26,123.46,142,0,0,0,2
PROD_0104,Sports,2023-11-27,358.8,351.36,65,1,0,0,11
PROD_0105,Clothing,2023-06-06,335.34,317.77,126,0,0,1,6
PROD_0106,Beauty,2023-10-09,172.09,186.05,133,0,0,0,10
PROD_0107,Electronics,2023-04-09,164.62,180.61,301,0,1,6,4
PROD_0108,Beauty,2023-09-05,145.48,150.7,222,0,0,1,9
PROD_0109,Electronics,2023-04-10,155.16,146.53,98,0,0,0,4
PROD_0110,Clothing,2023-05-21,32.3,26.55,117,0,1,6,5
PROD_0111,Sports,2023-02-22,437.63,450.6,135,0,0,2,2
PROD_0112,Clothing,2023-01-27,133.71,153.06,86,0,0,4,1
PROD_0113,Sports,2023-02-07,292.74,314.57,110,0,0,1,2
PROD_0114,Home & Garden,2023-02-13,497.02,421.17,51,0,0,0,2
PROD_0115,Books,2023-04-26,390.09,371.42,134,0,0,2,4
PROD_0116,Books,2023-08-08,159.64,167.36,123,0,0,1,8
PROD_0117,Clothing,2023-11-17,113.4,120.68,108,1,0,4,11
PROD_0118,Electronics,2023-07-29,230.75,239.41,159,0,1,5,7
PROD_0119,Beauty,2023-08-21,44.88,40.09,106,0,0,0,8
PROD_0120,Books,2023-12-05,403.91,355.09,27,1,0,1,12
PROD_0121,Home & Garden,2023-03-14,44.99,38.98,77,0,0,1,3
PROD_0122,Books,2023-05-28,225.19,222.37,87,0,1,6,5
PROD_0123,Books,2023-09-10,224.5,233.31,202,0,1,6,9
PROD_0124,Electronics,2023-02-16,122.17,130.69,229,0,0,3,2
PROD_0125,Electronics,2023-12-11,412.5,425.08,315,1,0,0,12
PROD_0126,Sports,2023-05-23,98.93,102.31,149,0,0,1,5
PROD_0127,Electronics,2023-08-29,180.5,168.47,154,0,0,1,8
PROD_0128,Home & Garden,2023-07-30,349.9,320.26,160,0,1,6,7
PROD_0129,Sports,2023-02-15,164.11,152.51,182,0,0,2,2
PROD_0130,Books,2023-01-01,332.25,337.91,112,0,1,6,1
PROD_0131,Sports,2023-11-17,226.6,185.96,84,1,0,4,11
PROD_0132,Beauty,2023-09-06,69.5,82.65,198,0,0,2,9
PROD_0133,Clothing,2023-06-09,279.91,285.76,83,0,0,4,6
PROD_0134,Electronics,2023-08-25,474.06,502.07,151,0,0,4,8
PROD_0135,Home & Garden,2023-09-18,355.65,343.63,97,0,0,0,9
PROD_0136,Sports,2023-10-10,80.87,70.87,123,0,0,1,10
PROD_0137,Clothing,2023-02-05,145.36,162.22,198,0,1,6,2
PROD_0138,Electronics,2023-05-25,365.76,415.14,252,0,0,3,5
PROD_0139,Clothing,2023-08-17,273.9,256.94,121,0,0,3,8
PROD_0140,Sports,2023-06-14,436.1,519.97,175,0,0,2,6
PROD_0141,Sports,2023-01-23,165.91,164.11,185,0,0,0,1
PROD_0142,Beauty,2023-11-30,490.6,489.68,109,1,0,3,11
PROD_0143,Electronics,2023-08-14,58.86,68.52,71,0,0,0,8
PROD_0144,Beauty,2023-03-21,46.67,51.92,126,0,0,1,3
PROD_0145,Sports,2023-11-29,49.35,45.97,260,1,0,2,11
PROD_0146,Beauty,2023-09-07,437.47,356.26,0,0,0,3,9
PROD_0147,Home & Garden,2023-04-27,375.92,365.99,45,0,0,3,4
PROD_0148,Electronics,2023-08-16,91.52,84.18,56,0,0,2,8
PROD_0149,Electronics,2023-05-31,185.65,180.5,97,0,0,2,5
PROD_0150,Beauty,2023-04-03,93.29,77.58,205,0,0,0,4
PROD_0151,Clothing,2023-09-12,457.29,392.01,67,0,0,1,9
PROD_0152,Home & Garden,2023-12-08,14.6,16.38,218,1,0,4,12
PROD_0153,Sports,2023-06-26,493.95,454.27,133,0,0,0,6
PROD_0154,Sports,2023-06-04,107.62,102.65,150,0,1,6,6
PROD_0155,Books,2023-06-01,496.42,455.76,108,0,0,3,6
PROD_0156,Home & Garden,2023-01-05,287.31,308.66,156,0,0,3,1
PROD_0157,Books,2023-09-12,418.09,485.48,178,0,0,1,9
PROD_0158,Home & Garden,2023-04-23,321.94,337.51,205,0,1,6,4
PROD_0159,Clothing,2023-11-18,57.61,60.55,98,1,1,5,11
PROD_0160,Clothing,2023-02-16,455.72,424.13,95,0,0,3,2
PROD_0161,Books,2023-07-07,270.12,314.79,171,0,0,4,7
PROD_0162,Sports,2023-06-01,375.81,351.57,20,0,0,3,6
PROD_0163,Clothing,2023-04-26,431.47,470.17,299,0,0,2,4
PROD_0164,Books,2023-07-07,54.25,51.96,70,0,0,4,7
PROD_0165,Home & Garden,2023-12-11,377.02,341.15,70,1,0,0,12
PROD_0166,Beauty,2023-04-30,241.02,252.55,338,0,1,6,4
PROD_0167,Beauty,2023-02-02,321.35,316.75,192,0,0,3,2
PROD_0168,Electronics,2023-03-13,32.22,26.26,234,0,0,0,3
PROD_0169,Clothing,2023-10-03,76.48,75.06,163,0,0,1,10
PROD_0170,Books,2023-08-03,297.8,324.79,178,0,0,3,8
PROD_0171,Sports,2023-11-12,209.98,247.9,192,1,1,6,11
PROD_0172,Home & Garden,2023-02-20,490.65,464.62,132,0,0,0,2
PROD_0173,Electronics,2023-07-23,145.18,172.37,324,0,1,6,7
PROD_0174,Clothing,2023-11-25,323.35,384.28,312,1,1,5,11
PROD_0175,Clothing,2023-02-05,416.61,425.64,197,0,1,6,2
PROD_0176,Clothing,2023-11-02,11.39,13.02,108,1,0,3,11
PROD_0177,Clothing,2023-02-26,333.92,270.58,0,0,1,6,2
PROD_0178,Home & Garden,2023-01-09,95.38,78.3,125,0,0,0,1
PROD_0179,Beauty,2023-02-02,243.36,270.42,188,0,0,3,2
PROD_0180,Books,2023-04-24,473.25,386.81,9,0,0,0,4
PROD_0181,Books,2023-06-04,234.44,277.96,109,0,1,6,6
PROD_0182,Beauty,2023-02-25,250.23,291.24,144,0,1,5,2
PROD_0183,Electronics,2023-03-06,144.76,152.46,167,0,0,0,3
PROD_0184,Books,2023-09-29,154.5,154.84,92,0,0,4,9
PROD_0185,Electronics,2023-12-02,328.95,364.34,386,1,1,5,12
PROD_0186,Home & Garden,2023-08-21,205.38,224.24,103,0,0,0,8
PROD_0187,Home & Garden,2023-07-11,477.26,512.93,129,0,0,1,7
PROD_0188,Electronics,2023-02-17,221.62,243.3,145,0,0,4,2
PROD_0189,Electronics,2023-10-28,478.75,490.56,267,0,1,5,10
PROD_0190,Sports,2023-01-27,484.52,503.98,129,0,0,4,1
PROD_0191,Clothing,2023-03-21,331.8,295.2,1,0,0,1,3
PROD_0192,Home & Garden,2023-02-28,383.68,395.05,172,0,0,1,2
PROD_0193,Books,2023-11-11,340.74,348.47,219,1,1,5,11
PROD_0194,Home & Garden,2023-12-26,383.58,448.26,176,1,0,1,12
PROD_0195,Beauty,2023-07-25,44.1,48.35,258,0,0,1,7
PROD_0196,Books,2023-04-21,194.34,190.73,56,0,0,4,4
PROD_0197,Home & Garden,2023-10-18,302.15,348.48,134,0,0,2,10
PROD_0198,Electronics,2023-12-12,49.97,48.84,194,1,0,1,12
PROD_0199,Clothing,2023-09-20,65.77,63.93,98,0,0,2,9
PROD_0200,Sports,2023-09-27,336.89,275.64,23,0,0,2,9
PROD_0201,Electronics,2023-04-15,157.7,139.48,78,0,1,5,4
PROD_0202,Electronics,2023-09-12,376.04,327.26,37,0,0,1,9
PROD_0203,Books,2023-10-14,418.34,469.58,135,0,1,5,10
PROD_0204,Electronics,2023-08-24,461.37,528.2,272,0,0,3,8
PROD_0205,Beauty,2023-11-24,214.67,181.63,44,1,0,4,11
PROD_0206,Books,2023-08-24,417.69,487.83,149,0,0,3,8
PROD_0207,Clothing,2023-08-12,298.55,301.41,148,0,1,5,8
PROD_0208,Home & Garden,2023-03-28,47.43,49.95,118,0,0,1,3
PROD_0209,Home & Garden,2023-06-29,366.42,413.16,190,0,0,3,6
PROD_0210,Clothing,2023-05-12,106.66,111.03,187,0,0,4,5
PROD_0211,Clothing,2023-11-18,252.12,277.78,475,1,1,5,11
PROD_0212,Beauty,2023-11-16,168.37,200.09,258,1,0,3,11
PROD_0213,Beauty,2023-06-05,400.2,414.84,145,0,0,0,6
PROD_0214,Sports,2023-08-20,28.43,26.93,126,0,1,6,8
PROD_0215,Electronics,2023-11-11,301.1,287.19,241,1,1,5,11
PROD_0216,Books,2023-11-30,102.24,106.53,157,1,0,3,11
PROD_0217,Home & Garden,2024-01-01,51.32,54.32,54,0,0,0,1
PROD_0218,Sports,2023-09-26,266.15,229.82,72,0,0,1,9
PROD_0219,Sports,2023-06-23,342.66,281.31,83,0,0,4,6
PROD_0220,Home & Garden,2023-02-18,283.4,270.54,81,0,1,5,2
PROD_0221,Books,2023-03-18,173.35,179.08,85,0,1,5,3
PROD_0222,Beauty,2023-12-06,202.06,209.74,367,1,0,2,12
PROD_0223,Home & Garden,2023-03-07,338.36,382.88,205,0,0,1,3
PROD_0224,Books,2023-02-17,326.55,316.55,75,0,0,4,2
PROD_0225,Clothing,2023-04-20,177.45,196.34,128,0,0,3,4
PROD_0226,Clothing,2023-02-09,154.94,172.79,164,0,0,3,2
PROD_0227,Beauty,2023-09-27,28.5,26.64,212,0,0,2,9
PROD_0228,Sports,2023-03-20,89.5,101.36,185,0,0,0,3
PROD_0229,Clothing,2023-08-13,31.41,29.7,218,0,1,6,8
PROD_0230,Beauty,2023-08-18,124.66,111.66,224,0,0,4,8
PROD_0231,Clothing,2023-07-08,342.37,352.01,193,0,1,5,7
PROD_0232,Books,2023-09-28,215.14,186.06,31,0,0,3,9
PROD_0233,Home & Garden,2023-01-27,324.18,372.69,148,0,0,4,1
PROD_0234,Books,2023-03-05,149.68,165.43,110,0,1,6,3
PROD_0235,Sports,2023-02-16,473.74,421.07,63,0,0,3,2
PROD_0236,Electronics,2023-08-01,36.1,36.12,102,0,0,1,8
PROD_0237,Home & Garden,2023-04-25,23.81,27.92,163,0,0,1,4
PROD_0238,Clothing,2023-03-12,28.77,33.57,188,0,1,6,3
PROD_0239,Sports,2023-08-18,311.52,362.09,94,0,0,4,8
PROD_0240,Clothing,2023-10-08,470.71,491.21,190,0,1,6,10
PROD_0241,Electronics,2023-01-25,126.84,133.88,177,0,0,2,1
PROD_0242,Sports,2023-11-02,272.67,287.06,218,1,0,3,11
PROD_0243,Electronics,2023-11-11,182.88,188.05,188,1,1,5,11
PROD_0244,Books,2023-10-06,258.59,309.1,150,0,0,4,10
PROD_0245,Sports,2023-01-23,321.48,383.34,120,0,0,0,1
PROD_0246,Electronics,2023-06-26,128.15,136.2,91,0,0,0,6
PROD_0247,Home & Garden,2023-03-10,31.72,32.31,155,0,0,4,3
PROD_0248,Beauty,2023-08-26,490.6,486.39,127,0,1,5,8
PROD_0249,Sports,2023-01-19,153.79,125.72,64,0,0,3,1
PROD_0250,Home & Garden,2023-09-21,205.13,231.01,121,0,0,3,9
PROD_0251,Beauty,2023-04-08,150.19,171.95,137,0,1,5,4
PROD_0252,Home & Garden,2023-08-12,445.85,489.24,289,0,1,5,8
PROD_0253,Sports,2023-12-21,253.79,296.86,329,1,0,3,12
PROD_0254,Electronics,2023-08-09,305.2,344.55,204,0,0,2,8
PROD_0255,Electronics,2023-06-17,333.85,308.01,174,0,1,5,6
PROD_0256,Home & Garden,2023-08-17,30.75,35.31,100,0,0,3,8
PROD_0257,Home & Garden,2023-11-24,490.21,578.04,241,1,0,4,11
PROD_0258,Beauty,2023-12-14,88.39,71.82,289,1,0,3,12
PROD_0259,Clothing,2023-02-04,125.64,132.93,144,0,1,5,2
PROD_0260,Clothing,2023-12-14,230.46,218.57,154,1,0,3,12
PROD_0261,Home & Garden,2023-07-23,164.05,149.53,193,0,1,6,7
PROD_0262,Books,2023-07-18,457.64,387.67,45,0,0,1,7
PROD_0263,Clothing,2023-11-10,149.93,174.91,265,1,0,4,11
PROD_0264,Sports,2023-03-30,450.35,440.46,48,0,0,3,3
PROD_0265,Home & Garden,2023-12-08,180.24,148.87,113,1,0,4,12
PROD_0266,Beauty,2023-12-30,464.39,489.97,386,1,1,5,12
PROD_0267,Clothing,2023-05-02,397.28,322.0,59,0,0,1,5
PROD_0268,Books,2023-03-08,309.85,258.57,0,0,0,2,3
PROD_0269,Beauty,2023-09-03,267.59,296.4,345,0,1,6,9
PROD_0270,Beauty,2023-02-07,230.49,247.09,171,0,0,1,2
PROD_0271,Books,2023-11-24,298.02,329.94,150,1,0,4,11
PROD_0272,Electronics,2023-09-23,84.98,73.58,116,0,1,5,9
PROD_0273,Books,2023-05-26,424.51,382.16,71,0,0,4,5
PROD_0274,Clothing,2023-11-17,158.38,160.51,246,1,0,4,11
PROD_0275,Clothing,2023-03-29,332.78,362.15,211,0,0,2,3
PROD_0276,Books,2023-01-22,414.37,336.2,0,0,1,6,1
PROD_0277,Beauty,2023-04-18,385.81,372.94,168,0,0,1,4
PROD_0278,Beauty,2023-10-07,151.94,179.69,288,0,1,5,10
PROD_0279,Home & Garden,2023-08-21,45.76,37.7,95,0,0,0,8
PROD_0280,Clothing,2023-06-24,307.26,284.23,180,0,1,5,6
PROD_0281,Sports,2023-03-08,382.73,385.02,67,0,0,2,3
PROD_0282,Electronics,2023-05-17,230.3,197.22,0,0,0,2,5
PROD_0283,Books,2023-08-03,131.65,150.89,74,0,0,3,8
PROD_0284,Books,2023-06-10,103.02,88.98,199,0,1,5,6
PROD_0285,Sports,2023-01-12,54.12,51.81,116,0,0,3,1
PROD_0286,Books,2023-06-30,33.84,30.88,107,0,0,4,6
PROD_0287,Beauty,2023-08-29,150.02,120.5,59,0,0,1,8
PROD_0288,Home & Garden,2023-07-07,384.29,363.68,73,0,0,4,7
PROD_0289,Clothing,2023-07-05,281.08,233.13,51,0,0,2,7
PROD_0290,Home & Garden,2023-11-16,343.4,291.04,210,1,0,3,11
PROD_0291,Home & Garden,2023-10-13,470.08,518.03,126,0,0,4,10
PROD_0292,Books,2023-01-21,32.2,27.52,93,0,1,5,1
PROD_0293,Books,2023-09-21,78.49,92.04,90,0,0,3,9
PROD_0294,Books,2023-06-03,300.93,301.81,129,0,1,5,6
PROD_0295,Sports,2023-01-09,190.5,203.74,215,0,0,0,1
PROD_0296,Beauty,2023-12-19,318.34,330.68,250,1,0,1,12
PROD_0297,Books,2023-10-23,121.5,99.69,75,0,0,0,10
PROD_0298,Beauty,2023-11-14,389.56,370.89,315,1,0,1,11
PROD_0299,Beauty,2023-02-26,103.48,101.04,166,0,1,6,2
PROD_0300,Books,2023-11-10,461.06,529.81,206,1,0,4,11
PROD_0301,Clothing,2023-10-15,169.27,180.26,176,0,1,6,10
PROD_0302,Books,2023-06-25,277.67,297.21,225,0,1,6,6
PROD_0303,Home & Garden,2023-11-09,247.25,292.48,213,1,0,3,11
PROD_0304,Home & Garden,2023-05-28,355.4,382.45,178,0,1,6,5
PROD_0305,Beauty,2023-05-21,151.02,155.46,221,0,1,6,5
PROD_0306,Home & Garden,2023-03-16,152.32,139.38,129,0,0,3,3
PROD_0307,Sports,2023-12-02,135.66,134.52,181,1,1,5,12
PROD_0308,Clothing,2023-02-25,311.68,322.51,142,0,1,5,2
PROD_0309,Beauty,2023-04-30,35.72,34.48,271,0,1,6,4
PROD_0310,Electronics,2023-10-09,489.18,422.25,31,0,0,0,10
PROD_0311,Sports,2023-09-02,328.76,362.42,138,0,1,5,9
PROD_0312,Electronics,2023-11-30,291.33,295.42,348,1,0,3,11
PROD_0313,Clothing,2023-08-02,442.3,384.94,80,0,0,2,8
PROD_0314,Sports,2023-09-11,101.29,111.38,190,0,0,0,9
PROD_0315,Electronics,2023-01-05,156.21,162.63,234,0,0,3,1
PROD_0316,Sports,2023-11-25,276.22,275.54,325,1,1,5,11
PROD_0317,Electronics,2023-06-19,89.62,88.15,104,0,0,0,6
PROD_0318,Beauty,2023-06-22,397.48,408.25,223,0,0,3,6
PROD_0319,Beauty,2023-07-27,415.23,417.76,86,0,0,3,7
PROD_0320,Clothing,2023-03-13,243.95,286.48,106,0,0,0,3
PROD_0321,Sports,2023-05-17,477.48,439.65,138,0,0,2,5
PROD_0322,Beauty,2023-07-04,349.46,288.25,11,0,0,1,7
PROD_0323,Sports,2023-12-18,256.24,296.73,247,1,0,0,12
PROD_0324,Home & Garden,2023-07-08,311.17,276.21,53,0,1,5,7
PROD_0325,Books,2023-07-11,213.76,217.97,100,0,0,1,7
PROD_0326,Beauty,2023-04-22,383.31,410.96,303,0,1,5,4
PROD_0327,Books,2023-12-27,187.27,218.53,169,1,0,2,12
PROD_0328,Clothing,2023-10-21,272.96,236.34,194,0,1,5,10
PROD_0329,Beauty,2023-10-26,249.53,289.34,182,0,0,3,10
PROD_0330,Clothing,2023-09-20,213.56,219.02,156,0,0,2,9
PROD_0331,Home & Garden,2023-01-12,204.01,229.84,177,0,0,3,1
PROD_0332,Electronics,2023-08-05,178.82,147.62,187,0,1,5,8
PROD_0333,Sports,2023-01-17,150.67,131.39,42,0,0,1,1
PROD_0334,Beauty,2023-11-27,482.25,458.04,353,1,0,0,11
PROD_0335,Sports,2023-07-12,49.32,58.48,187,0,0,2,7
PROD_0336,Home & Garden,2023-03-02,97.45,98.9,118,0,0,3,3
PROD_0337,Clothing,2023-01-02,380.53,453.36,257,0,0,0,1
PROD_0338,Sports,2023-09-30,195.85,174.67,119,0,1,5,9
PROD_0339,Beauty,2023-02-27,25.79,27.44,189,0,0,0,2
PROD_0340,Electronics,2023-05-04,110.98,93.26,36,0,0,3,5
PROD_0341,Beauty,2023-01-25,129.92,106.23,110,0,0,2,1
PROD_0342,Electronics,2023-03-13,256.91,235.25,165,0,0,0,3
PROD_0343,Home & Garden,2023-10-23,302.98,323.89,106,0,0,0,10
PROD_0344,Clothing,2023-12-05,265.41,256.24,135,1,0,1,12
PROD_0345,Beauty,2023-03-31,316.74,307.51,138,0,0,4,3
PROD_0346,Beauty,2023-12-10,196.77,198.69,324,1,1,6,12
PROD_0347,Books,2023-08-31,128.07,114.0,134,0,0,3,8
PROD_0348,Sports,2023-01-30,285.57,339.0,171,0,0,0,1
PROD_0349,Clothing,2023-05-11,109.63,116.07,219,0,0,3,5
PROD_0350,Electronics,2023-10-02,365.05,319.85,26,0,0,0,10
PROD_0351,Books,2023-01-21,438.07,383.43,78,0,1,5,1
PROD_0352,Sports,2023-04-17,436.04,406.91,178,0,0,0,4
PROD_0353,Clothing,2023-03-02,375.97,414.22,270,0,0,3,3
PROD_0354,Beauty,2023-04-15,204.35,183.04,126,0,1,5,4
PROD_0355,Beauty,2023-07-03,161.13,152.08,223,0,0,0,7
PROD_0356,Beauty,2023-08-29,383.2,355.64,69,0,0,1,8
PROD_0357,Electronics,2023-10-16,433.4,475.23,129,0,0,0,10
PROD_0358,Books,2023-10-24,362.81,333.08,43,0,0,1,10
PROD_0359,Books,2023-05-06,254.66,270.41,179,0,1,5,5
PROD_0360,Beauty,2023-11-25,372.4,366.57,324,1,1,5,11
PROD_0361,Clothing,2023-10-05,495.26,585.84,316,0,0,3,10
PROD_0362,Electronics,2023-12-09,33.77,27.1,103,1,1,5,12
PROD_0363,Clothing,2023-09-16,233.44,192.4,102,0,1,5,9
PROD_0364,Beauty,2023-09-07,17.71,17.94,145,0,0,3,9
PROD_0365,Beauty,2023-05-21,272.51,249.26,142,0,1,6,5
PROD_0366,Clothing,2023-02-24,459.84,464.33,101,0,0,4,2
PROD_0367,Home & Garden,2023-07-01,140.99,135.17,113,0,1,5,7
PROD_0368,Beauty,2023-04-26,156.99,177.59,133,0,0,2,4
PROD_0369,Beauty,2023-01-17,55.82,53.12,170,0,0,1,1
PROD_0370,Electronics,2023-12-26,93.98,93.97,212,1,0,1,12
PROD_0371,Electronics,2023-09-28,460.38,410.62,130,0,0,3,9
PROD_0372,Books,2023-09-01,142.84,167.07,139,0,0,4,9
PROD_0373,Books,2023-10-16,332.47,289.83,124,0,0,0,10
PROD_0374,Clothing,2023-10-28,80.65,91.0,252,0,1,5,10
PROD_0375,Books,2023-05-04,287.68,327.89,163,0,0,3,5
PROD_0376,Sports,2023-03-13,397.34,427.43,110,0,0,0,3
PROD_0377,Home & Garden,2023-01-28,57.87,51.67,60,0,1,5,1
PROD_0378,Books,2023-07-23,484.77,451.1,87,0,1,6,7
PROD_0379,Clothing,2023-07-02,280.99,266.99,78,0,1,6,7
PROD_0380,Books,2023-06-01,401.05,435.23,69,0,0,3,6
PROD_0381,Beauty,2023-11-21,85.6,81.82,233,1,0,1,11
PROD_0382,Sports,2023-07-04,383.06,322.11,0,0,0,1,7
PROD_0383,Books,2023-10-12,261.1,219.66,6,0,0,3,10
PROD_0384,Books,2023-11-03,394.37,451.75,154,1,0,4,11
PROD_0385,Beauty,2023-10-14,453.55,540.3,317,0,1,5,10
PROD_0386,Clothing,2023-05-18,157.55,157.12,64,0,0,3,5
PROD_0387,Sports,2023-06-03,247.27,205.43,66,0,1,5,6
PROD_0388,Books,2023-11-12,105.82,89.18,91,1,1,6,11
PROD_0389,Home & Garden,2023-08-14,174.02,195.98,199,0,0,0,8
PROD_0390,Clothing,2023-06-03,167.13,197.03,166,0,1,5,6
PROD_0391,Home & Garden,2023-05-30,370.09,389.76,205,0,0,1,5
PROD_0392,Home & Garden,2023-07-12,147.35,164.2,123,0,0,2,7
PROD_0393,Clothing,2023-10-31,498.66,434.82,143,0,0,1,10
PROD_0394,Beauty,2023-08-25,472.06,417.23,96,0,0,4,8
PROD_0395,Electronics,2023-07-29,339.76,290.72,71,0,1,5,7
PROD_0396,Sports,2023-07-13,46.24,55.32,131,0,0,3,7
PROD_0397,Books,2023-12-21,214.97,175.14,180,1,0,3,12
PROD_0398,Books,2023-11-23,458.06,386.48,0,1,0,3,11
PROD_0399,Books,2023-01-23,285.98,302.57,143,0,0,0,1
PROD_0400,Home & Garden,2023-08-09,61.91,51.97,60,0,0,2,8
PROD_0401,Books,2023-10-25,346.96,308.24,47,0,0,2,10
PROD_0402,Beauty,2023-10-29,348.31,299.65,216,0,1,6,10
PROD_0403,Electronics,2023-03-01,417.35,455.77,169,0,0,2,3
PROD_0404,Clothing,2023-09-24,246.63,244.28,147,0,1,6,9
PROD_0405,Home & Garden,2023-01-23,406.99,344.33,76,0,0,0,1
PROD_0406,Beauty,2023-03-26,465.66,510.46,291,0,1,6,3
PROD_0407,Sports,2023-08-25,123.61,118.91,70,0,0,4,8
PROD_0408,Sports,2023-07-22,24.3,25.41,98,0,1,5,7
PROD_0409,Beauty,2023-04-20,110.83,122.02,231,0,0,3,4
PROD_0410,Electronics,2023-10-02,101.61,94.54,134,0,0,0,10
PROD_0411,Sports,2023-09-28,483.3,447.23,69,0,0,3,9
PROD_0412,Electronics,2023-06-28,182.47,179.4,85,0,0,2,6
PROD_0413,Home & Garden,2023-11-11,299.18,319.78,158,1,1,5,11
PROD_0414,Clothing,2023-09-19,200.35,208.07,159,0,0,1,9
PROD_0415,Sports,2023-11-22,273.32,319.14,291,1,0,2,11
PROD_0416,Home & Garden,2023-03-13,101.68,115.59,151,0,0,0,3
PROD_0417,Electronics,2023-09-06,76.9,86.6,248,0,0,2,9
PROD_0418,Sports,2023-07-29,345.5,333.84,181,0,1,5,7
PROD_0419,Electronics,2023-04-23,153.12,139.33,178,0,1,6,4
PROD_0420,Beauty,2023-09-11,279.37,236.14,0,0,0,0,9
PROD_0421,Home & Garden,2023-10-05,413.08,337.34,52,0,0,3,10
PROD_0422,Sports,2023-02-22,370.63,393.42,128,0,0,2,2
PROD_0423,Electronics,2023-08-19,138.78,158.89,135,0,1,5,8
PROD_0424,Clothing,2023-04-18,407.24,421.57,137,0,0,1,4
PROD_0425,Beauty,2023-08-08,91.33,78.15,91,0,0,1,8
PROD_0426,Electronics,2023-10-19,181.9,165.97,138,0,0,3,10
PROD_0427,Beauty,2023-05-30,151.77,137.65,195,0,0,1,5
PROD_0428,Beauty,2023-02-18,76.44,84.09,178,0,1,5,2
PROD_0429,Beauty,2023-03-06,353.7,301.73,27,0,0,0,3
PROD_0430,Clothing,2023-12-13,202.42,173.45,161,1,0,2,12
PROD_0431,Electronics,2023-11-21,399.35,442.31,349,1,0,1,11
PROD_0432,Home & Garden,2023-08-21,475.62,442.77,0,0,0,0,8
PROD_0433,Beauty,2023-02-17,368.16,362.04,186,0,0,4,2
PROD_0434,Electronics,2023-10-01,204.88,243.24,317,0,1,6,10
PROD_0435,Home & Garden,2023-06-22,278.18,237.08,97,0,0,3,6
PROD_0436,Beauty,2023-01-25,32.51,34.15,229,0,0,2,1
PROD_0437,Clothing,2023-08-14,233.69,279.67,226,0,0,0,8
PROD_0438,Clothing,2023-11-29,157.91,181.56,306,1,0,2,11
PROD_0439,Electronics,2023-07-10,335.61,355.6,103,0,0,0,7
PROD_0440,Beauty,2023-12-25,380.06,369.31,98,1,0,0,12
PROD_0441,Electronics,2023-03-09,300.9,303.24,141,0,0,3,3
PROD_0442,Home & Garden,2023-03-03,494.2,478.84,54,0,0,4,3
PROD_0443,Sports,2023-02-15,368.07,309.54,0,0,0,2,2
PROD_0444,Clothing,2023-07-15,389.0,428.39,186,0,1,5,7
PROD_0445,Books,2023-10-16,14.15,15.0,93,0,0,0,10
PROD_0446,Beauty,2023-03-19,460.75,482.14,238,0,1,6,3
PROD_0447,Clothing,2023-03-05,298.89,285.03,227,0,1,6,3
PROD_0448,Home & Garden,2023-11-27,51.28,52.38,212,1,0,0,11
PROD_0449,Beauty,2023-01-14,425.47,452.43,211,0,1,5,1
PROD_0450,Beauty,2023-07-20,154.82,127.23,170,0,0,3,7
PROD_0451,Sports,2023-07-17,65.24,65.23,139,0,0,0,7
PROD_0452,Electronics,2023-07-04,467.62,398.79,103,0,0,1,7
PROD_0453,Home & Garden,2023-10-07,344.64,380.86,251,0,1,5,10
PROD_0454,Electronics,2023-01-08,138.47,112.98,24,0,1,6,1
PROD_0455,Beauty,2023-12-31,255.51,246.87,381,1,1,6,12
PROD_0456,Home & Garden,2023-02-12,161.85,162.59,92,0,1,6,2
PROD_0457,Sports,2023-10-28,320.8,363.73,232,0,1,5,10
PROD_0458,Beauty,2023-05-03,38.37,32.02,139,0,0,2,5
PROD_0459,Books,2023-01-29,161.55,177.17,180,0,1,6,1
PROD_0460,Beauty,2023-01-06,90.28,106.64,202,0,0,4,1
PROD_0461,Beauty,2023-05-13,91.81,78.11,274,0,1,5,5
PROD_0462,Electronics,2023-06-21,405.48,368.5,1,0,0,2,6
PROD_0463,Books,2023-11-18,47.76,46.91,153,1,1,5,11
PROD_0464,Home & Garden,2023-02-22,448.19,479.41,105,0,0,2,2
PROD_0465,Electronics,2023-01-23,430.76,346.72,0,0,0,0,1
PROD_0466,Clothing,2023-04-02,466.27,532.94,374,0,1,6,4
PROD_0467,Sports,2023-04-25,167.68,162.07,152,0,0,1,4
PROD_0468,Electronics,2023-10-20,192.68,192.83,222,0,0,4,10
PROD_0469,Books,2023-01-24,477.5,395.16,34,0,0,1,1
PROD_0470,Home & Garden,2023-06-17,52.33,51.42,125,0,1,5,6
PROD_0471,Beauty,2023-11-15,128.87,122.08,394,1,0,2,11
PROD_0472,Beauty,2023-10-07,382.64,343.63,11,0,1,5,10
PROD_0473,Home & Garden,2023-11-22,421.39,484.97,322,1,0,2,11
PROD_0474,Beauty,2023-06-07,60.94,61.66,112,0,0,2,6
PROD_0475,Electronics,2023-03-14,358.71,300.32,96,0,0,1,3
PROD_0476,Books,2023-07-31,353.41,335.39,147,0,0,0,7
PROD_0477,Electronics,2023-09-16,75.42,85.07,109,0,1,5,9
PROD_0478,Clothing,2023-05-02,152.92,174.39,233,0,0,1,5
PROD_0479,Beauty,2023-06-17,165.85,150.72,85,0,1,5,6
PROD_0480,Books,2023-02-25,86.15,74.59,107,0,1,5,2
PROD_0481,Clothing,2023-08-20,161.07,145.93,81,0,1,6,8
PROD_0482,Beauty,2023-12-23,305.62,270.78,450,1,1,5,12
PROD_0483,Sports,2023-09-20,33.99,31.25,170,0,0,2,9
PROD_0484,Sports,2023-08-20,282.42,288.08,90,0,1,6,8
PROD_0485,Electronics,2023-01-07,40.22,44.74,127,0,1,5,1
PROD_0486,Beauty,2023-11-19,469.41,391.31,0,1,1,6,11
PROD_0487,Clothing,2023-11-27,227.28,193.53,195,1,0,0,11
PROD_0488,Electronics,2023-08-25,34.81,40.72,149,0,0,4,8
PROD_0489,Sports,2023-01-16,197.54,191.74,92,0,0,0,1
PROD_0490,Home & Garden,2023-05-24,228.55,196.42,86,0,0,2,5
PROD_0491,Beauty,2023-06-01,254.46,293.42,190,0,0,3,6
PROD_0492,Sports,2023-03-12,215.43,227.72,252,0,1,6,3
PROD_0493,Books,2023-01-10,494.81,550.61,141,0,0,1,1
PROD_0494,Sports,2023-06-26,457.21,457.65,108,0,0,0,6
PROD_0495,Home & Garden,2023-11-02,117.32,135.89,287,1,0,3,11
PROD_0496,Books,2023-07-03,385.75,462.84,196,0,0,0,7
PROD_0497,Beauty,2023-05-04,140.6,158.39,257,0,0,3,5
PROD_0498,Clothing,2023-10-22,424.79,475.32,286,0,1,6,10
PROD_0499,Clothing,2023-05-02,300.33,337.12,245,0,0,1,5
PROD_0500,Electronics,2023-12-27,353.27,416.52,345,1,0,2,12
PROD_0501,Sports,2023-10-05,161.44,160.82,63,0,0,3,10
PROD_0502,Clothing,2023-01-11,267.96,214.44,159,0,0,2,1
PROD_0503,Clothing,2023-06-24,361.3,421.82,287,0,1,5,6
PROD_0504,Books,2023-12-27,459.44,509.86,379,1,0,2,12
PROD_0505,Home & Garden,2023-12-27,471.54,451.85,53,1,0,2,12
PROD_0506,Clothing,2023-08-12,398.0,471.34,310,0,1,5,8
PROD_0507,Beauty,2023-11-11,395.63,351.83,246,1,1,5,11
PROD_0508,Clothing,2023-04-01,367.13,433.03,406,0,1,5,4
PROD_0509,Books,2023-01-17,99.22,92.01,128,0,0,1,1
PROD_0510,Beauty,2023-10-17,61.01,60.92,129,0,0,1,10
PROD_0511,Home & Garden,2023-06-13,92.26,106.49,76,0,0,1,6
PROD_0512,Beauty,2023-06-21,228.85,207.36,96,0,0,2,6
PROD_0513,Home & Garden,2023-02-25,363.0,297.39,43,0,1,5,2
PROD_0514,Sports,2023-09-10,442.07,415.76,80,0,1,6,9
PROD_0515,Books,2023-11-30,381.54,339.66,45,1,0,3,11
PROD_0516,Electronics,2023-06-13,137.95,116.14,73,0,0,1,6
PROD_0517,Clothing,2023-02-08,278.05,322.33,138,0,0,2,2
PROD_0518,Books,2023-09-05,355.21,345.45,107,0,0,1,9
PROD_0519,Sports,2023-03-22,36.24,33.79,193,0,0,2,3
PROD_0520,Books,2023-10-04,139.98,127.75,62,0,0,2,10
PROD_0521,Books,2023-10-09,421.53,363.12,29,0,0,0,10
PROD_0522,Home & Garden,2023-12-05,316.29,313.81,89,1,0,1,12
PROD_0523,Electronics,2023-08-31,423.45,390.99,83,0,0,3,8
PROD_0524,Beauty,2023-05-16,54.66,55.62,103,0,0,1,5
PROD_0525,Home & Garden,2023-04-06,228.43,206.8,91,0,0,3,4
PROD_0526,Home & Garden,2023-10-16,40.2,44.26,137,0,0,0,10
PROD_0527,Home & Garden,2023-10-05,212.85,234.69,87,0,0,3,10
PROD_0528,Sports,2023-09-25,215.13,218.19,183,0,0,0,9
PROD_0529,Clothing,2023-09-01,156.44,149.85,191,0,0,4,9
PROD_0530,Books,2023-09-22,402.22,430.78,129,0,0,4,9
PROD_0531,Sports,2023-03-30,475.04,411.8,31,0,0,3,3
PROD_0532,Electronics,2023-08-05,48.4,51.95,118,0,1,5,8
PROD_0533,Books,2023-05-13,166.68,181.82,183,0,1,5,5
PROD_0534,Books,2023-06-16,429.75,433.13,151,0,0,4,6
PROD_0535,Beauty,2023-11-16,297.91,331.48,182,1,0,3,11
PROD_0536,Books,2023-02-21,463.21,474.83,60,0,0,1,2
PROD_0537,Books,2023-06-26,440.17,398.64,73,0,0,0,6
PROD_0538,Sports,2023-01-20,94.38,90.72,137,0,0,4,1
PROD_0539,Sports,2023-01-20,203.94,234.85,171,0,0,4,1
PROD_0540,Sports,2023-05-18,449.55,363.27,90,0,0,3,5
PROD_0541,Home & Garden,2023-09-09,430.54,462.37,238,0,1,5,9
PROD_0542,Beauty,2023-08-15,389.28,361.38,156,0,0,1,8
PROD_0543,Electronics,2023-04-07,226.44,263.89,188,0,0,4,4
PROD_0544,Books,2023-07-11,412.3,414.82,61,0,0,1,7
PROD_0545,Books,2023-07-26,76.47,87.21,150,0,0,2,7
PROD_0546,Clothing,2023-04-13,420.12,378.02,43,0,0,3,4
PROD_0547,Beauty,2023-04-12,144.25,162.92,198,0,0,2,4
PROD_0548,Electronics,2023-12-15,24.98,23.7,285,1,0,4,12
PROD_0549,Books,2023-10-10,181.38,156.97,115,0,0,1,10
PROD_0550,Beauty,2023-02-16,149.68,142.89,84,0,0,3,2
PROD_0551,Clothing,2023-04-24,327.22,350.47,127,0,0,0,4
PROD_0552,Electronics,2023-12-16,14.36,16.72,255,1,1,5,12
PROD_0553,Home & Garden,2023-12-31,483.84,511.47,213,1,1,6,12
PROD_0554,Sports,2023-06-04,341.83,386.17,173,0,1,6,6
PROD_0555,Beauty,2023-07-11,285.11,295.81,141,0,0,1,7
PROD_0556,Sports,2023-02-02,174.78,159.15,84,0,0,3,2
PROD_0557,Beauty,2023-12-31,476.57,505.45,224,1,1,6,12
PROD_0558,Books,2023-07-26,333.66,357.78,155,0,0,2,7
PROD_0559,Home & Garden,2023-05-13,454.39,437.05,172,0,1,5,5
PROD_0560,Clothing,2023-06-25,366.01,325.36,93,0,1,6,6
PROD_0561,Beauty,2023-07-03,258.58,294.31,313,0,0,0,7
PROD_0562,Clothing,2023-05-31,57.83,49.22,81,0,0,2,5
PROD_0563,Clothing,2023-12-15,450.8,478.65,202,1,0,4,12
PROD_0564,Sports,2023-06-19,192.12,198.7,124,0,0,0,6
PROD_0565,Electronics,2023-11-21,295.95,348.55,282,1,0,1,11
PROD_0566,Beauty,2023-07-15,269.62,260.25,315,0,1,5,7
PROD_0567,Home & Garden,2023-07-29,493.72,571.31,309,0,1,5,7
PROD_0568,Clothing,2023-02-11,248.91,261.96,115,0,1,5,2
PROD_0569,Home & Garden,2023-04-18,382.98,332.22,91,0,0,1,4
PROD_0570,Electronics,2023-03-08,311.1,327.71,171,0,0,2,3
PROD_0571,Sports,2023-01-03,28.49,25.06,104,0,0,1,1
PROD_0572,Home & Garden,2023-09-29,103.38,110.69,135,0,0,4,9
PROD_0573,Beauty,2023-06-26,162.93,137.03,130,0,0,0,6
PROD_0574,Electronics,2023-01-24,156.12,143.06,169,0,0,1,1
PROD_0575,Home & Garden,2023-08-11,445.11,533.32,238,0,0,4,8
PROD_0576,Home & Garden,2023-04-07,90.79,105.57,161,0,0,4,4
PROD_0577,Clothing,2023-03-09,113.48,91.78,121,0,0,3,3
PROD_0578,Beauty,2023-11-30,398.14,378.27,231,1,0,3,11
PROD_0579,Books,2023-01-25,334.37,354.9,67,0,0,2,1
PROD_0580,Sports,2023-08-16,196.32,200.04,123,0,0,2,8
PROD_0581,Beauty,2023-12-18,318.85,293.49,197,1,0,0,12
PROD_0582,Books,2023-12-25,77.21,87.42,83,1,0,0,12
PROD_0583,Electronics,2023-02-24,253.89,264.96,223,0,0,4,2
PROD_0584,Clothing,2023-07-03,354.68,325.65,21,0,0,0,7
PROD_0585,Clothing,2023-12-19,467.23,435.57,5,1,0,1,12
PROD_0586,Books,2023-12-09,252.11,297.44,349,1,1,5,12
PROD_0587,Beauty,2023-04-29,233.81,278.45,201,0,1,5,4
PROD_0588,Electronics,2023-05-29,186.51,199.69,147,0,0,0,5
PROD_0589,Electronics,2023-01-05,427.48,455.41,125,0,0,3,1
PROD_0590,Sports,2023-11-15,141.47,154.66,151,1,0,2,11
PROD_0591,Sports,2023-08-22,143.2,136.65,166,0,0,1,8
PROD_0592,Beauty,2023-03-27,65.4,70.53,89,0,0,0,3
PROD_0593,Clothing,2023-02-23,213.85,221.62,200,0,0,3,2
PROD_0594,Clothing,2023-11-09,196.08,184.99,70,1,0,3,11
PROD_0595,Clothing,2023-09-05,461.0,389.62,78,0,0,1,9
PROD_0596,Home & Garden,2023-12-02,163.98,177.39,307,1,1,5,12
PROD_0597,Beauty,2023-06-23,264.36,284.26,215,0,0,4,6
PROD_0598,Beauty,2023-05-08,246.15,262.26,205,0,0,0,5
PROD_0599,Books,2023-11-10,36.74,38.84,105,1,0,4,11
PROD_0600,Clothing,2023-02-08,378.2,351.07,82,0,0,2,2
PROD_0601,Books,2023-04-25,279.74,266.16,131,0,0,1,4
PROD_0602,Sports,2023-10-21,229.57,262.31,173,0,1,5,10
PROD_0603,Beauty,2023-01-10,60.3,58.18,172,0,0,1,1
PROD_0604,Electronics,2023-11-06,481.95,508.47,418,1,0,0,11
PROD_0605,Sports,2023-06-24,188.04,154.51,55,0,1,5,6
PROD_0606,Books,2023-11-04,241.84,257.04,258,1,1,5,11
PROD_0607,Home & Garden,2023-07-01,416.64,494.04,227,0,1,5,7
PROD_0608,Electronics,2023-03-26,251.29,283.64,278,0,1,6,3
PROD_0609,Clothing,2023-04-07,69.17,78.91,109,0,0,4,4
PROD_0610,Clothing,2023-06-23,62.81,60.66,203,0,0,4,6
PROD_0611,Books,2023-03-05,388.35,380.66,122,0,1,6,3
PROD_0612,Sports,2023-01-03,269.88,221.15,104,0,0,1,1
PROD_0613,Sports,2023-09-18,392.73,457.17,202,0,0,0,9
PROD_0614,Clothing,2023-02-23,199.83,207.87,211,0,0,3,2
PROD_0615,Sports,2023-08-03,489.96,571.47,238,0,0,3,8
PROD_0616,Home & Garden,2023-05-31,231.89,197.89,53,0,0,2,5
PROD_0617,Beauty,2023-09-20,156.47,169.08,258,0,0,2,9
PROD_0618,Books,2023-11-20,116.5,102.97,191,1,0,0,11
PROD_0619,Clothing,2023-12-30,328.54,388.77,379,1,1,5,12
PROD_0620,Home & Garden,2023-10-15,245.38,252.31,188,0,1,6,10
PROD_0621,Books,2023-05-27,439.96,426.3,41,0,1,5,5
PROD_0622,Electronics,2023-12-10,37.74,34.22,355,1,1,6,12
PROD_0623,Electronics,2023-12-20,394.34,347.65,146,1,0,2,12
PROD_0624,Books,2023-12-12,372.35,426.69,251,1,0,1,12
PROD_0625,Beauty,2023-05-28,349.54,286.2,62,0,1,6,5
PROD_0626,Beauty,2023-06-10,483.26,397.01,162,0,1,5,6
PROD_0627,Sports,2023-04-26,456.63,494.0,208,0,0,2,4
PROD_0628,Books,2023-11-05,106.27,115.83,145,1,1,6,11
PROD_0629,Clothing,2023-09-21,68.48,55.9,88,0,0,3,9
PROD_0630,Clothing,2023-10-27,424.55,340.6,0,0,0,4,10
PROD_0631,Electronics,2023-03-20,465.03,483.05,230,0,0,0,3
PROD_0632,Beauty,2023-06-04,250.37,257.65,180,0,1,6,6
PROD_0633,Clothing,2023-04-05,265.1,295.45,125,0,0,2,4
PROD_0634,Sports,2023-02-17,181.21,209.0,177,0,0,4,2
PROD_0635,Home & Garden,2023-04-22,475.65,498.16,180,0,1,5,4
PROD_0636,Beauty,2023-01-05,66.21,62.14,104,0,0,3,1
PROD_0637,Books,2023-05-05,479.86,514.9,131,0,0,4,5
PROD_0638,Electronics,2023-07-17,135.73,147.89,83,0,0,0,7
PROD_0639,Home & Garden,2023-09-21,403.38,394.6,36,0,0,3,9
PROD_0640,Clothing,2023-06-14,261.81,308.75,182,0,0,2,6
PROD_0641,Books,2023-10-01,13.59,11.23,159,0,1,6,10
PROD_0642,Sports,2023-02-23,110.73,125.3,205,0,0,3,2
PROD_0643,Sports,2023-11-28,410.21,340.0,187,1,0,1,11
PROD_0644,Electronics,2023-02-14,45.89,39.98,101,0,0,1,2
PROD_0645,Clothing,2023-05-13,209.74,205.64,142,0,1,5,5
PROD_0646,Electronics,2023-10-01,12.89,14.03,81,0,1,6,10
PROD_0647,Electronics,2023-07-03,464.74,391.53,117,0,0,0,7
PROD_0648,Electronics,2023-05-25,384.98,375.39,113,0,0,3,5
PROD_0649,Sports,2023-03-22,271.4,231.92,41,0,0,2,3
PROD_0650,Books,2023-06-01,480.47,412.06,18,0,0,3,6
PROD_0651,Beauty,2023-11-28,192.83,227.5,296,1,0,1,11
PROD_0652,Electronics,2023-10-21,302.36,306.85,312,0,1,5,10
PROD_0653,Beauty,2023-06-26,113.75,132.21,248,0,0,0,6
PROD_0654,Clothing,2023-04-24,312.27,281.39,22,0,0,0,4
PROD_0655,Books,2023-01-28,427.18,501.06,290,0,1,5,1
PROD_0656,Home & Garden,2023-12-10,43.01,36.1,215,1,1,6,12
PROD_0657,Beauty,2023-05-01,59.02,61.84,244,0,0,0,5
PROD_0658,Sports,2023-06-18,312.01,287.76,126,0,1,6,6
PROD_0659,Home & Garden,2023-08-08,92.63,85.71,141,0,0,1,8
PROD_0660,Beauty,2023-08-12,145.57,137.39,232,0,1,5,8
PROD_0661,Sports,2023-07-03,389.64,387.61,63,0,0,0,7
PROD_0662,Electronics,2023-05-24,430.77,368.74,90,0,0,2,5
PROD_0663,Beauty,2023-02-09,366.44,423.91,338,0,0,3,2
PROD_0664,Books,2023-10-24,208.52,216.03,156,0,0,1,10
PROD_0665,Books,2023-10-04,241.33,267.9,101,0,0,2,10
PROD_0666,Books,2023-05-29,75.6,75.64,50,0,0,0,5
PROD_0667,Electronics,2023-12-06,127.05,150.63,463,1,0,2,12
PROD_0668,Clothing,2023-08-17,88.02,90.36,153,0,0,3,8
PROD_0669,Clothing,2023-09-05,470.2,383.76,100,0,0,1,9
PROD_0670,Home & Garden,2023-07-09,124.67,133.08,155,0,1,6,7
PROD_0671,Sports,2023-01-24,29.55,31.31,68,0,0,1,1
PROD_0672,Beauty,2023-05-21,419.09,379.41,170,0,1,6,5
PROD_0673,Home & Garden,2023-10-28,330.13,374.43,215,0,1,5,10
PROD_0674,Books,2023-07-27,182.92,209.83,124,0,0,3,7
PROD_0675,Books,2023-01-04,255.9,218.94,41,0,0,2,1
PROD_0676,Beauty,2023-05-24,113.64,99.41,106,0,0,2,5
PROD_0677,Electronics,2023-12-05,122.87,138.16,315,1,0,1,12
PROD_0678,Clothing,2023-10-30,89.01,100.88,66,0,0,0,10
PROD_0679,Books,2023-10-31,88.95,93.56,49,0,0,1,10
PROD_0680,Electronics,2023-03-27,136.55,119.07,203,0,0,0,3
PROD_0681,Books,2023-11-23,19.12,20.8,150,1,0,3,11
PROD_0682,Sports,2023-11-07,496.46,569.4,316,1,0,1,11
PROD_0683,Books,2023-04-04,315.37,316.74,61,0,0,1,4
PROD_0684,Sports,2023-11-02,299.39,267.04,114,1,0,3,11
PROD_0685,Books,2023-12-17,215.7,185.46,38,1,1,6,12
PROD_0686,Books,2023-09-15,378.67,317.05,27,0,0,4,9
PROD_0687,Books,2023-01-01,449.51,498.94,204,0,1,6,1
PROD_0688,Electronics,2023-12-24,269.61,240.44,265,1,1,6,12
PROD_0689,Beauty,2023-12-23,292.3,283.59,188,1,1,5,12
PROD_0690,Books,2023-10-06,210.24,184.09,89,0,0,4,10
PROD_0691,Books,2023-09-25,67.74,54.38,102,0,0,0,9
PROD_0692,Home & Garden,2023-07-29,187.51,161.62,152,0,1,5,7
PROD_0693,Sports,2023-10-17,189.17,172.18,124,0,0,1,10
PROD_0694,Sports,2023-10-10,394.06,391.29,101,0,0,1,10
PROD_0695,Home & Garden,2023-06-07,293.05,325.19,119,0,0,2,6
PROD_0696,Beauty,2023-03-02,376.43,368.39,193,0,0,3,3
PROD_0697,Clothing,2023-09-18,206.27,192.94,123,0,0,0,9
PROD_0698,Beauty,2023-01-27,88.76,105.26,79,0,0,4,1
PROD_0699,Clothing,2023-08-30,463.67,451.69,54,0,0,2,8
PROD_0700,Electronics,2023-11-08,28.5,27.18,355,1,0,2,11
PROD_0701,Beauty,2023-11-02,38.16,42.33,127,1,0,3,11
PROD_0702,Beauty,2023-09-23,150.14,122.13,158,0,1,5,9
PROD_0703,Clothing,2023-12-12,27.67,24.78,94,1,0,1,12
PROD_0704,Sports,2023-06-30,338.13,325.35,73,0,0,4,6
PROD_0705,Beauty,2023-02-05,460.4,469.53,283,0,1,6,2
PROD_0706,Home & Garden,2023-05-22,120.88,143.28,128,0,0,0,5
PROD_0707,Electronics,2023-05-14,95.77,96.01,193,0,1,6,5
PROD_0708,Electronics,2023-09-20,478.79,550.82,324,0,0,2,9
PROD_0709,Beauty,2023-08-15,483.37,495.58,241,0,0,1,8
PROD_0710,Sports,2023-12-15,235.75,243.94,73,1,0,4,12
PROD_0711,Beauty,2023-04-23,341.69,304.78,42,0,1,6,4
PROD_0712,Electronics,2023-12-25,417.77,375.7,0,1,0,0,12
PROD_0713,Electronics,2023-10-11,466.38,462.01,113,0,0,2,10
PROD_0714,Home & Garden,2023-04-04,474.09,508.81,206,0,0,1,4
PROD_0715,Clothing,2023-05-01,370.36,425.58,137,0,0,0,5
PROD_0716,Clothing,2023-11-13,184.45,205.03,157,1,0,0,11
PROD_0717,Sports,2023-11-11,13.25,15.14,334,1,1,5,11
PROD_0718,Books,2023-05-21,250.49,299.03,216,0,1,6,5
PROD_0719,Books,2023-03-07,36.53,40.91,101,0,0,1,3
PROD_0720,Books,2023-06-27,202.92,218.05,84,0,0,1,6
PROD_0721,Beauty,2023-09-23,235.43,253.25,109,0,1,5,9
PROD_0722,Home & Garden,2023-07-05,310.26,280.44,96,0,0,2,7
PROD_0723,Sports,2023-11-10,178.12,155.6,145,1,0,4,11
PROD_0724,Home & Garden,2023-07-25,147.02,128.19,39,0,0,1,7
PROD_0725,Clothing,2023-02-21,363.2,407.38,233,0,0,1,2
PROD_0726,Clothing,2023-03-16,402.02,440.38,154,0,0,3,3
PROD_0727,Sports,2023-09-13,75.89,87.83,160,0,0,2,9
PROD_0728,Home & Garden,2023-09-07,157.02,160.92,125,0,0,3,9
PROD_0729,Beauty,2023-03-25,39.42,44.37,206,0,1,5,3
PROD_0730,Home & Garden,2023-05-14,186.87,191.38,192,0,1,6,5
PROD_0731,Electronics,2023-06-29,435.01,515.59,227,0,0,3,6
PROD_0732,Beauty,2023-10-03,95.52,106.23,155,0,0,1,10
PROD_0733,Sports,2023-08-17,445.92,424.71,62,0,0,3,8
PROD_0734,Clothing,2023-03-27,323.88,379.41,211,0,0,0,3
PROD_0735,Sports,2023-02-06,48.76,45.71,92,0,0,0,2
PROD_0736,Beauty,2023-05-17,306.64,293.82,210,0,0,2,5
PROD_0737,Home & Garden,2023-10-28,265.26,259.98,67,0,1,5,10
PROD_0738,Clothing,2023-12-05,133.31,146.31,273,1,0,1,12
PROD_0739,Electronics,2023-02-02,469.03,464.0,59,0,0,3,2
PROD_0740,Books,2023-02-12,60.92,63.8,66,0,1,6,2
PROD_0741,Clothing,2023-05-07,371.42,362.98,73,0,1,6,5
PROD_0742,Electronics,2023-12-06,184.85,215.56,447,1,0,2,12
PROD_0743,Home & Garden,2023-10-08,227.97,270.79,215,0,1,6,10
PROD_0744,Beauty,2023-11-22,439.87,428.43,297,1,0,2,11
PROD_0745,Sports,2023-10-04,121.29,101.38,73,0,0,2,10
PROD_0746,Clothing,2023-06-05,15.17,15.31,180,0,0,0,6
PROD_0747,Home & Garden,2023-08-29,272.2,292.64,141,0,0,1,8
PROD_0748,Home & Garden,2023-01-05,385.28,431.2,195,0,0,3,1
PROD_0749,Books,2023-07-11,102.4,118.05,103,0,0,1,7
PROD_0750,Beauty,2023-11-27,200.96,191.19,136,1,0,0,11
PROD_0751,Books,2023-12-22,345.47,315.72,127,1,0,4,12
PROD_0752,Electronics,2023-04-04,76.95,64.95,124,0,0,1,4
PROD_0753,Beauty,2023-11-15,251.08,233.07,59,1,0,2,11
PROD_0754,Electronics,2023-05-25,141.91,154.12,203,0,0,3,5
PROD_0755,Clothing,2023-01-08,251.85,235.93,107,0,1,6,1
PROD_0756,Sports,2023-12-23,397.8,370.79,204,1,1,5,12
PROD_0757,Electronics,2023-10-06,240.37,210.78,150,0,0,4,10
PROD_0758,Electronics,2023-03-04,487.55,529.42,267,0,1,5,3
PROD_0759,Electronics,2023-04-12,235.81,261.37,214,0,0,2,4
PROD_0760,Sports,2023-07-19,343.91,318.06,61,0,0,2,7
PROD_0761,Electronics,2023-10-09,265.25,239.08,149,0,0,0,10
PROD_0762,Electronics,2023-12-08,116.72,98.65,198,1,0,4,12
PROD_0763,Home & Garden,2023-10-27,68.63,76.57,50,0,0,4,10
PROD_0764,Beauty,2023-09-01,347.32,299.39,160,0,0,4,9
PROD_0765,Sports,2023-02-16,346.11,323.74,158,0,0,3,2
PROD_0766,Electronics,2023-01-31,184.2,158.7,136,0,0,1,1
PROD_0767,Sports,2023-04-30,165.2,169.06,205,0,1,6,4
PROD_0768,Beauty,2023-04-09,20.46,19.46,228,0,1,6,4
PROD_0769,Beauty,2023-08-13,283.92,288.78,213,0,1,6,8
PROD_0770,Home & Garden,2023-08-28,144.91,164.12,191,0,0,0,8
PROD_0771,Electronics,2023-09-29,85.96,78.94,98,0,0,4,9
PROD_0772,Electronics,2023-11-23,257.92,282.03,369,1,0,3,11
PROD_0773,Books,2023-05-03,167.14,137.95,115,0,0,2,5
PROD_0774,Clothing,2023-09-26,344.78,381.43,117,0,0,1,9
PROD_0775,Sports,2023-11-25,167.79,140.69,271,1,1,5,11
PROD_0776,Electronics,2023-04-14,62.46,54.75,52,0,0,4,4
PROD_0777,Sports,2023-12-03,250.06,262.46,255,1,1,6,12
PROD_0778,Electronics,2023-04-17,331.32,388.09,291,0,0,0,4
PROD_0779,Beauty,2023-02-01,186.85,205.05,279,0,0,2,2
PROD_0780,Beauty,2023-01-30,413.59,374.84,42,0,0,0,1
PROD_0781,Home & Garden,2023-02-09,472.86,559.97,182,0,0,3,2
PROD_0782,Books,2023-07-17,102.84,103.91,71,0,0,0,7
PROD_0783,Clothing,2023-10-13,377.11,364.31,51,0,0,4,10
PROD_0784,Home & Garden,2023-12-12,234.77,250.29,228,1,0,1,12
PROD_0785,Sports,2023-09-16,175.38,151.4,207,0,1,5,9
PROD_0786,Home & Garden,2023-10-09,495.82,461.04,43,0,0,0,10
PROD_0787,Sports,2023-06-15,308.12,315.91,94,0,0,3,6
PROD_0788,Beauty,2023-05-11,186.4,182.86,249,0,0,3,5
PROD_0789,Electronics,2023-05-26,301.92,304.05,241,0,0,4,5
PROD_0790,Home & Garden,2023-04-24,115.26,106.73,134,0,0,0,4
PROD_0791,Home & Garden,2023-10-11,260.52,267.89,126,0,0,2,10
PROD_0792,Sports,2023-07-02,86.49,78.36,207,0,1,6,7
PROD_0793,Home & Garden,2023-02-17,289.54,297.54,78,0,0,4,2
PROD_0794,Home & Garden,2023-09-05,94.72,107.06,153,0,0,1,9
PROD_0795,Electronics,2023-11-01,324.7,264.62,213,1,0,2,11
PROD_0796,Home & Garden,2023-06-28,441.1,429.51,163,0,0,2,6
PROD_0797,Clothing,2023-12-01,426.24,499.33,340,1,0,4,12
PROD_0798,Books,2023-01-22,166.47,170.79,96,0,1,6,1
PROD_0799,Beauty,2023-07-21,485.81,534.94,217,0,0,4,7
PROD_0800,Sports,2023-05-29,395.32,339.66,32,0,0,0,5
PROD_0801,Beauty,2023-01-26,278.59,252.13,103,0,0,3,1
PROD_0802,Beauty,2023-03-08,383.4,380.47,99,0,0,2,3
PROD_0803,Books,2023-04-11,284.97,341.63,142,0,0,1,4
PROD_0804,Home & Garden,2023-08-09,168.47,197.05,95,0,0,2,8
PROD_0805,Sports,2023-07-07,180.67,167.72,132,0,0,4,7
PROD_0806,Home & Garden,2023-03-28,493.95,516.91,202,0,0,1,3
PROD_0807,Clothing,2023-08-14,31.99,36.06,92,0,0,0,8
PROD_0808,Beauty,2023-02-13,65.06,53.47,221,0,0,0,2
PROD_0809,Home & Garden,2023-01-08,178.2,199.89,131,0,1,6,1
PROD_0810,Beauty,2023-10-03,113.82,115.93,214,0,0,1,10
PROD_0811,Books,2023-03-14,350.58,374.18,120,0,0,1,3
PROD_0812,Books,2023-01-23,135.17,111.39,34,0,0,0,1
PROD_0813,Home & Garden,2023-01-28,237.83,280.18,143,0,1,5,1
PROD_0814,Beauty,2023-07-04,433.5,350.11,74,0,0,1,7
PROD_0815,Clothing,2023-07-14,259.18,280.92,233,0,0,4,7
PROD_0816,Books,2023-09-30,53.13,46.73,195,0,1,5,9
PROD_0817,Electronics,2023-05-07,461.91,425.87,86,0,1,6,5
PROD_0818,Beauty,2023-06-30,184.14,169.58,221,0,0,4,6
PROD_0819,Home & Garden,2023-02-01,316.64,364.6,239,0,0,2,2
PROD_0820,Electronics,2023-10-12,475.07,422.92,53,0,0,3,10
PROD_0821,Clothing,2023-02-14,367.65,370.69,172,0,0,1,2
PROD_0822,Beauty,2023-04-27,214.49,220.75,156,0,0,3,4
PROD_0823,Books,2023-06-18,230.09,196.2,105,0,1,6,6
PROD_0824,Clothing,2023-03-12,161.41,174.65,212,0,1,6,3
PROD_0825,Clothing,2023-12-02,467.18,545.13,445,1,1,5,12
PROD_0826,Home & Garden,2023-03-16,366.27,405.16,203,0,0,3,3
PROD_0827,Sports,2023-06-05,227.07,266.47,258,0,0,0,6
PROD_0828,Home & Garden,2023-03-19,391.76,330.14,0,0,1,6,3
PROD_0829,Home & Garden,2023-11-07,287.85,256.87,47,1,0,1,11
PROD_0830,Beauty,2023-09-02,75.7,86.18,203,0,1,5,9
PROD_0831,Sports,2023-09-09,242.18,209.61,66,0,1,5,9
PROD_0832,Home & Garden,2023-07-31,119.05,127.21,78,0,0,0,7
PROD_0833,Clothing,2023-08-13,434.89,433.14,124,0,1,6,8
PROD_0834,Sports,2023-01-22,307.89,347.83,278,0,1,6,1
PROD_0835,Books,2023-11-01,272.72,288.14,166,1,0,2,11
PROD_0836,Sports,2023-01-22,440.11,395.35,46,0,1,6,1
PROD_0837,Sports,2023-09-22,384.93,456.15,161,0,0,4,9
PROD_0838,Home & Garden,2023-05-27,236.06,228.74,155,0,1,5,5
PROD_0839,Clothing,2023-08-26,416.65,408.6,224,0,1,5,8
PROD_0840,Beauty,2023-10-07,76.3,73.66,191,0,1,5,10
PROD_0841,Beauty,2023-04-14,442.45,369.92,0,0,0,4,4
PROD_0842,Beauty,2023-03-25,362.0,307.49,4,0,1,5,3
PROD_0843,Books,2023-12-29,198.2,221.28,195,1,0,4,12
PROD_0844,Sports,2023-01-23,386.45,450.17,229,0,0,0,1
PROD_0845,Clothing,2023-03-25,435.72,379.75,122,0,1,5,3
PROD_0846,Sports,2023-05-28,316.96,268.47,39,0,1,6,5
PROD_0847,Home & Garden,2023-01-07,234.73,268.11,182,0,1,5,1
PROD_0848,Clothing,2023-04-22,298.54,295.64,154,0,1,5,4
PROD_0849,Clothing,2023-10-08,146.28,153.8,227,0,1,6,10
PROD_0850,Electronics,2023-12-01,181.02,155.34,37,1,0,4,12
PROD_0851,Home & Garden,2023-02-14,34.03,32.9,67,0,0,1,2
PROD_0852,Books,2023-12-05,348.84,362.09,210,1,0,1,12
PROD_0853,Books,2023-07-04,466.43,390.51,11,0,0,1,7
PROD_0854,Sports,2023-02-04,381.64,434.04,139,0,1,5,2
PROD_0855,Home & Garden,2023-06-18,268.26,270.9,161,0,1,6,6
PROD_0856,Beauty,2023-11-19,269.18,224.79,274,1,1,6,11
PROD_0857,Sports,2023-11-08,425.42,384.52,136,1,0,2,11
PROD_0858,Books,2023-10-16,253.23,276.45,131,0,0,0,10
PROD_0859,Books,2023-04-30,357.21,425.69,89,0,1,6,4
PROD_0860,Electronics,2023-04-17,401.79,481.98,230,0,0,0,4
PROD_0861,Books,2023-11-23,114.05,120.46,157,1,0,3,11
PROD_0862,Home & Garden,2023-09-17,279.5,309.35,106,0,1,6,9
PROD_0863,Books,2023-11-12,480.46,544.27,332,1,1,6,11
PROD_0864,Sports,2023-01-19,326.37,323.95,139,0,0,3,1
PROD_0865,Books,2023-06-21,236.61,266.34,165,0,0,2,6
PROD_0866,Books,2023-06-03,286.82,307.27,146,0,1,5,6
PROD_0867,Home & Garden,2023-07-01,42.44,36.49,185,0,1,5,7
PROD_0868,Books,2023-03-26,289.78,276.98,123,0,1,6,3
PROD_0869,Beauty,2023-06-11,357.82,325.12,5,0,1,6,6
PROD_0870,Home & Garden,2023-04-21,267.3,232.55,78,0,0,4,4
PROD_0871,Clothing,2023-02-17,227.45,184.23,75,0,0,4,2
PROD_0872,Clothing,2023-06-24,462.58,505.59,251,0,1,5,6
PROD_0873,Electronics,2023-09-22,341.59,291.41,118,0,0,4,9
PROD_0874,Beauty,2023-09-25,66.76,61.71,61,0,0,0,9
PROD_0875,Electronics,2023-06-20,238.77,195.42,76,0,0,1,6
PROD_0876,Home & Garden,2023-01-12,293.0,270.99,145,0,0,3,1
PROD_0877,Clothing,2023-05-27,145.56,135.03,137,0,1,5,5
PROD_0878,Home & Garden,2023-02-28,17.48,18.34,115,0,0,1,2
PROD_0879,Home & Garden,2023-10-09,166.06,142.25,120,0,0,0,10
PROD_0880,Clothing,2023-03-29,44.91,46.94,113,0,0,2,3
PROD_0881,Clothing,2023-01-15,240.66,257.55,102,0,1,6,1
PROD_0882,Clothing,2023-12-27,302.1,313.31,332,1,0,2,12
PROD_0883,Home & Garden,2023-06-20,410.55,445.51,176,0,0,1,6
PROD_0884,Sports,2023-10-18,74.58,83.91,199,0,0,2,10
PROD_0885,Sports,2023-06-08,345.39,374.44,144,0,0,3,6
PROD_0886,Clothing,2023-03-15,431.94,452.14,229,0,0,2,3
PROD_0887,Beauty,2023-12-07,171.86,196.66,208,1,0,3,12
PROD_0888,Electronics,2023-06-29,244.54,278.36,152,0,0,3,6
PROD_0889,Books,2023-03-07,258.9,249.13,120,0,0,1,3
PROD_0890,Books,2023-11-29,44.75,41.21,122,1,0,2,11
PROD_0891,Clothing,2023-10-08,87.92,87.3,85,0,1,6,10
PROD_0892,Sports,2023-08-11,287.93,269.76,140,0,0,4,8
PROD_0893,Beauty,2023-02-09,372.29,403.85,255,0,0,3,2
PROD_0894,Books,2023-08-26,169.44,142.17,88,0,1,5,8
PROD_0895,Books,2023-02-25,345.9,359.24,192,0,1,5,2
PROD_0896,Electronics,2023-02-16,116.63,99.78,131,0,0,3,2
PROD_0897,Electronics,2023-03-17,333.83,327.55,101,0,0,4,3
PROD_0898,Sports,2023-04-11,110.77,127.5,123,0,0,1,4
PROD_0899,Beauty,2023-06-05,460.07,540.43,400,0,0,0,6
PROD_0900,Electronics,2023-10-26,13.98,16.7,135,0,0,3,10
PROD_0901,Home & Garden,2023-02-01,190.92,194.65,57,0,0,2,2
PROD_0902,Home & Garden,2023-02-26,432.01,495.2,201,0,1,6,2
PROD_0903,Home & Garden,2023-12-31,197.57,188.21,182,1,1,6,12
PROD_0904,Sports,2023-07-04,421.58,363.28,111,0,0,1,7
PROD_0905,Clothing,2023-01-06,45.16,36.41,162,0,0,4,1
PROD_0906,Sports,2023-03-11,51.49,54.41,154,0,1,5,3
PROD_0907,Books,2023-08-06,315.39,309.64,100,0,1,6,8
PROD_0908,Clothing,2023-04-06,218.14,175.16,61,0,0,3,4
PROD_0909,Beauty,2023-09-14,141.93,166.15,194,0,0,3,9
PROD_0910,Electronics,2023-10-18,246.8,233.83,134,0,0,2,10
PROD_0911,Electronics,2023-03-14,367.79,371.68,222,0,0,1,3
PROD_0912,Home & Garden,2023-08-27,263.31,265.77,166,0,1,6,8
PROD_0913,Beauty,2023-12-09,48.26,50.84,331,1,1,5,12
PROD_0914,Electronics,2023-08-29,232.48,270.24,208,0,0,1,8
PROD_0915,Home & Garden,2023-05-31,151.71,123.51,128,0,0,2,5
PROD_0916,Beauty,2023-10-16,137.62,144.73,190,0,0,0,10
PROD_0917,Beauty,2023-05-30,406.36,426.57,137,0,0,1,5
PROD_0918,Books,2023-02-09,427.21,389.25,27,0,0,3,2
PROD_0919,Home & Garden,2023-01-08,373.3,388.8,246,0,1,6,1
PROD_0920,Home & Garden,2023-03-31,138.01,149.1,127,0,0,4,3
PROD_0921,Electronics,2023-06-25,492.2,584.21,484,0,1,6,6
PROD_0922,Sports,2023-07-16,126.59,123.57,189,0,1,6,7
PROD_0923,Home & Garden,2023-01-28,324.71,357.89,101,0,1,5,1
PROD_0924,Home & Garden,2023-09-01,375.61,413.54,153,0,0,4,9
PROD_0925,Beauty,2023-07-19,242.55,208.12,211,0,0,2,7
PROD_0926,Sports,2023-07-15,342.46,405.72,258,0,1,5,7
PROD_0927,Beauty,2023-07-01,478.53,465.47,256,0,1,5,7
PROD_0928,Home & Garden,2023-02-20,135.12,139.67,113,0,0,0,2
PROD_0929,Clothing,2023-12-11,298.47,262.05,64,1,0,0,12
PROD_0930,Books,2023-01-06,339.67,384.74,64,0,0,4,1
PROD_0931,Electronics,2023-12-17,228.51,202.87,118,1,1,6,12
PROD_0932,Books,2023-12-03,448.04,397.29,168,1,1,6,12
PROD_0933,Books,2023-03-08,194.22,214.72,145,0,0,2,3
PROD_0934,Clothing,2023-02-26,350.87,316.25,76,0,1,6,2
PROD_0935,Home & Garden,2023-08-07,349.19,372.6,167,0,0,0,8
PROD_0936,Electronics,2023-05-22,390.78,372.46,106,0,0,0,5
PROD_0937,Home & Garden,2023-04-02,225.88,225.13,195,0,1,6,4
PROD_0938,Sports,2023-02-25,80.5,89.15,131,0,1,5,2
PROD_0939,Beauty,2023-05-13,60.61,50.26,203,0,1,5,5
PROD_0940,Sports,2023-03-18,329.9,264.04,0,0,1,5,3
PROD_0941,Home & Garden,2023-07-20,291.57,293.37,173,0,0,3,7
PROD_0942,Sports,2023-07-26,423.58,471.18,230,0,0,2,7
PROD_0943,Electronics,2023-07-16,477.54,538.27,338,0,1,6,7
PROD_0944,Home & Garden,2023-06-20,344.1,330.42,106,0,0,1,6
PROD_0945,Electronics,2023-07-07,271.97,322.11,146,0,0,4,7
PROD_0946,Home & Garden,2023-11-28,109.53,111.92,246,1,0,1,11
PROD_0947,Sports,2023-02-24,319.0,301.04,36,0,0,4,2
PROD_0948,Beauty,2023-04-08,78.57,68.93,234,0,1,5,4
PROD_0949,Electronics,2023-10-04,325.27,325.23,233,0,0,2,10
PROD_0950,Electronics,2023-01-19,176.25,164.81,174,0,0,3,1
PROD_0951,Clothing,2023-12-01,336.99,331.37,200,1,0,4,12
PROD_0952,Books,2023-04-30,463.16,377.36,0,0,1,6,4
PROD_0953,Books,2023-01-24,128.91,136.59,50,0,0,1,1
PROD_0954,Home & Garden,2023-02-19,233.53,202.77,87,0,1,6,2
PROD_0955,Sports,2023-11-01,401.6,356.71,201,1,0,2,11
PROD_0956,Beauty,2023-12-14,206.98,175.59,201,1,0,3,12
PROD_0957,Clothing,2023-01-24,300.61,280.83,59,0,0,1,1
PROD_0958,Sports,2023-03-28,351.18,358.69,129,0,0,1,3
PROD_0959,Electronics,2023-03-10,58.98,67.18,186,0,0,4,3
PROD_0960,Electronics,2023-09-07,49.55,39.79,208,0,0,3,9
PROD_0961,Books,2023-05-26,213.95,240.26,165,0,0,4,5
PROD_0962,Clothing,2023-03-15,323.51,326.5,129,0,0,2,3
PROD_0963,Books,2023-12-21,28.43,24.79,148,1,0,3,12
PROD_0964,Home & Garden,2023-06-28,215.21,220.17,79,0,0,2,6
PROD_0965,Electronics,2023-11-13,187.33,206.9,293,1,0,0,11
PROD_0966,Beauty,2023-04-17,145.45,127.63,184,0,0,0,4
PROD_0967,Sports,2023-09-12,96.4,102.96,66,0,0,1,9
PROD_0968,Home & Garden,2023-04-18,222.99,208.21,131,0,0,1,4
PROD_0969,Electronics,2023-02-23,372.8,436.16,219,0,0,3,2
PROD_0970,Sports,2023-09-21,66.87,77.44,172,0,0,3,9
PROD_0971,Home & Garden,2023-08-03,107.39,114.98,100,0,0,3,8
PROD_0972,Home & Garden,2023-04-27,58.05,63.57,167,0,0,3,4
PROD_0973,Clothing,2023-02-07,240.79,239.28,200,0,0,1,2
PROD_0974,Books,2023-08-21,97.25,92.33,91,0,0,0,8
PROD_0975,Home & Garden,2023-05-19,109.08,92.82,129,0,0,4,5
PROD_0976,Clothing,2023-02-26,427.31,420.23,102,0,1,6,2
PROD_0977,Books,2023-03-22,396.88,418.79,126,0,0,2,3
PROD_0978,Books,2023-04-28,52.37,59.85,110,0,0,4,4
PROD_0979,Books,2023-08-31,420.12,383.01,79,0,0,3,8
PROD_0980,Clothing,2023-05-07,170.38,175.79,240,0,1,6,5
PROD_0981,Books,2023-01-03,214.71,175.56,108,0,0,1,1
PROD_0982,Books,2023-01-18,218.59,209.35,125,0,0,2,1
PROD_0983,Electronics,2023-08-20,252.69,210.55,143,0,1,6,8
PROD_0984,Clothing,2023-03-09,185.62,166.24,208,0,0,3,3
PROD_0985,Beauty,2023-06-06,89.28,87.83,173,0,0,1,6
PROD_0986,Sports,2023-08-26,388.2,446.3,252,0,1,5,8
PROD_0987,Sports,2023-12-27,320.37,366.55,203,1,0,2,12
PROD_0988,Electronics,2023-06-01,218.69,198.55,198,0,0,3,6
PROD_0989,Clothing,2023-12-17,49.67,57.24,417,1,1,6,12
PROD_0990,Electronics,2023-02-26,197.65,194.91,82,0,1,6,2
PROD_0991,Beauty,2023-02-04,284.77,315.93,167,0,1,5,2
PROD_0992,Beauty,2023-09-02,371.32,408.79,411,0,1,5,9
PROD_0993,Clothing,2023-06-14,182.83,165.82,150,0,0,2,6
PROD_0994,Electronics,2023-07-10,179.16,178.17,153,0,0,0,7
PROD_0995,Beauty,2023-09-30,342.37,346.87,174,0,1,5,9
PROD_0996,Beauty,2023-02-03,102.29,118.0,104,0,0,4,2
PROD_0997,Clothing,2023-05-28,479.55,398.4,25,0,1,6,5
PROD_0998,Clothing,2023-04-15,265.14,278.64,167,0,1,5,4
PROD_0999,Clothing,2023-08-31,179.88,175.84,157,0,0,3,8
PROD_1000,Electronics,2023-01-12,437.18,390.37,148,0,0,3,1
